Zone,F1,F2,F3,F4,cluster
États-Unis,7.593364126417109,1.9426009223347656,1.8607488810011699,1.0174267368945042,2
